N;Clasificacion;Tipo;Categoria;Denominacion;Direccion;Direccion_detalles;CP;Municipio;Provincia;Otra_demarcacion_geografica;Latitud;Longitud;Poblacion_destinataria;Poblacion;Diana_1;Diana_2;Diana_3;Descripcion;Plazas;Acceso;Requisitos_acceso;Vinculacion;Aportacion_usuario
1;Protocolos y programas;Programa de apoyo especializado;Funcional;Programa de apoyo psicoeducativo;Lubiana 1;;01004;Vitoria-Gasteiz;Araba;;42.84827720000001;-2.6490511;Personas con enfermedad mental con un deterioro psicosocial significativo en el nivel de desenvolvimiento social y limitación en sus capacidades funcionales.;Adultos;;Dependencia;Discapacidad;Prestaciones de apoyo socioeducativo y psicosocial de carácter individual, grupal o familiar prestadas en el domicilio familiar y/o entorno comunitario, que persiguen potenciar la integración social y la permanencia en su entorno social y familiar en coandiciones de autonomía.;40;Con derivación;Solicitud y valoración por el trabajador social del Instituto Foral de Bienestar Social (IFBS). Precisa informes de Red de Salud Mental;Ambulatoria;Gratuito;
2;Residencial;Comunidad terapéutica;Estructural;Centro residencial sociosanitario Abegia;Malizhaeza 2A;;01007;Vitoria-Gasteiz;Araba;;42.8281194;-2.6994416;Personas de entre 18 y 65 años con patología mental grave asociada al consumo problemáticos de tóxicos, con pronóstico favorable de rehabilitación psicosocial y carencia o inadecuado soporte social y familiar.;Adultos;;Adicciones;;Centro residencial que pretende dar respuesta a una pluripatología (transtorno mental y toxicomanías), desde una perspectiva integral y coordinada, implicando la atención sociosanitaria en su sentido más amplio (abordaje educativo, psicológico, social, médico, psiquiátrico...).;14;Con derivación;Solicitud y valoración por el trabajador social del Instituto Foral de Bienestar Social (IFBS). Precisa informes de Red de Salud Mental y empadronamiento en el Territorio Histórico de Álava. ;Temporal;Copago;
3;Residencial;Miniresidencia - URTMG;Funcional;Hogar Alavés;Las Trianas 23A;;01006;Vitoria-Gasteiz;Araba;;42.8370092;-2.6624214;Personas de entre 18 y 40 años afectadas de enfermedad mental, con una cobertura sociofamiliar y económica insuficiente o inexistente para ser atendidas en su medio o con imposibilidad de vivir de forma independiente por su discapacidad o falta de autonomía.;Adultos;;Dependencia;Discapacidad;Atención residencial de Intensidad media enfocado a la capacitación para la autonomía.;30;Con derivación;Solicitud y valoración por el trabajador social del Instituto Foral de Bienestar Social (IFBS). Precisa informes de Red de Salud Mental y empadronamiento en el Territorio Histórico de Álava. ;Permanente;Copago;
4;Residencial;Miniresidencia - URTMG;Funcional;San Ignacio;San Ignacio de Loyola 2;;01001;Vitoria-Gasteiz;Araba;;42.852731;-2.6715351;Personas de entre 40 y 65 años afectadas de enfermedad mental, con una cobertura sociofamiliar y económica insuficiente o inexistente para ser atendidas en su medio o con imposibilidad de vivir de forma independiente por su discapacidad o falta de autonomía.;Adultos;;Dependencia;Discapacidad;Atención residencial de naturaleza Grupal, individual y comunitaria con enfocado de sociosanitario y cultural a través de diversas actividades. ;26;Con derivación;Solicitud y valoración por el trabajador social del Instituto Foral de Bienestar Social (IFBS). Precisa informes de Red de Salud Mental y empadronamiento en el Territorio Histórico de Álava. ;Permanente;Copago;
5;Residencial;Miniresidencia - URTMG;Funcional;Erantsi;Florida nº 49;;01004;Vitoria-Gasteiz;Araba;;42.8426616;-2.6686123;Personas entre 18 y 65 años con enfermedad mental y/o alcoholismo.;Adultos;;Adicciones;Dependencia;Atención residencial de Intensidad 24 h, que da respuesta a las necesidades básicas asistenciales, de entrenamiento habilidades sociales, y de desarrollo de la independencia y la autonomía. ;23;Con derivación;Solicitud y valoración por el trabajador social del Instituto Foral de Bienestar Social (IFBS). Precisa informes de Red de Salud Mental y empadronamiento en el Territorio Histórico de Álava. ;Permanente;Copago;
6;Residencial;Viviendas con apoyos;Funcional;Erantsi;Ortiz de Zarate 19;;01001;Vitoria-Gasteiz;Araba;;42.84374830000001;-2.6689603;Personas entre 18 y 65 años con enfermedad mental y/o alcoholismo.;Adultos (hombres);;Adicciones;Dependencia;Recurso residencial de Intensidad media que da respuesta a las necesidades asistenciales básicas, fomenta el entrenamiento habilidades sociales desarrollo,  así como la independencia y autonomía de los sujetos. ;9;Con derivación;Solicitud y valoración por el trabajador social del Instituto Foral de Bienestar Social (IFBS). Precisa informes de Red de Salud Mental y empadronamiento en el Territorio Histórico de Álava. ;Permanente;Copago;
7;Residencial;Viviendas con apoyos;Funcional;Bidegurutzea 1;Siervas de Jesús 13;;01001;Vitoria-Gasteiz;Araba;;42.8484415;-2.6752448;Personas entre 18 y 65 años con enfermedad mental y/o alcoholismo.;Adultos (hombres);;Adicciones;Dependencia;Atención residencial de Intensidad 24 h, que da respuesta a las necesidades básicas asistenciales, de entrenamiento habilidades sociales, y de desarrollo de la independencia y la autonomía. ;8;Con derivación;Solicitud y valoración por el trabajador social del Instituto Foral de Bienestar Social (IFBS). Precisa informes de Red de Salud Mental y empadronamiento en el Territorio Histórico de Álava. ;Permanente;Copago;
8;Residencial;Viviendas con apoyos;Funcional;Bidegurutzea 3;Diputación 13;;01001;Vitoria-Gasteiz;Araba;;42.8468201;-2.6744768;Personas entre 18 y 65 años con enfermedad mental y/o alcoholismo.;Adultos (mujeres);;Adicciones;Dependencia;Atención residencial de naturaleza Grupal, individual y comunitaria de enfoque sociosanitario y cultural. ;7;Con derivación;Solicitud y valoración por el trabajador social del Instituto Foral de Bienestar Social (IFBS). Precisa informes de Red de Salud Mental y empadronamiento en el Territorio Histórico de Álava. ;Permanente;Copago;
9;Residencial;Viviendas con apoyos;Funcional;Bidegurutzea 2;Diputación 13;;01001;Vitoria-Gasteiz;Araba;;42.8468201;-2.6744768;Personas entre 18 y 65 años con enfermedad mental y/o alcoholismo.;Adultos (hombres);;Adicciones;Dependencia;Atención residencial de naturaleza Grupal, individual y comunitaria de enfoque sociosanitario y cultural. ;8;Con derivación;Solicitud y valoración por el trabajador social del Instituto Foral de Bienestar Social (IFBS). Precisa informes de Red de Salud Mental y empadronamiento en el Territorio Histórico de Álava. ;Permanente;Copago;
10;Residencial;Viviendas con apoyos;Funcional;Huntzadar;Florida 56;;01001;Vitoria-Gasteiz;Araba;;42.8425951;-2.6690986;Recurso de supervisión permanente para personas que padecen trastornos mentales, con edades comprendidas entre los 35 y 65 años y que precisan un acompañamiento continuo sin límite de tiempo de estancia en la vivienda.;Adultos (hombres);;Dependencia;;Atención residencial de naturaleza Grupal, individual y comunitaria de enfoque sociosanitario y cultural. ;11;Con derivación;Solicitud y valoración por el trabajador social del Instituto Foral de Bienestar Social (IFBS). Precisa informes de Red de Salud Mental y empadronamiento en el Territorio Histórico de Álava. ;Permanente;Copago;
11;Residencial;Viviendas con apoyos;Funcional;Aukera;Diputación 13;;01013;Vitoria-Gasteiz;Araba;;42.8468201;-2.6744768;Personas jóvenes con enfermedad mental 18 a 40 ;Adultos;;Dependencia;Discapacidad;Recurso residencial de Intensidad media que da respuesta a las necesidades asistenciales básicas, fomenta el entrenamiento habilidades sociales desarrollo,  así como la independencia y autonomía de los sujetos. ;3;Con derivación;Solicitud y valoración por el trabajador social del Instituto Foral de Bienestar Social (IFBS). Precisa informes de Red de Salud Mental y empadronamiento en el Territorio Histórico de Álava. ;Permanente;Gratuito;
12;Residencial;Viviendas con apoyos;Funcional;Zurekin;Sancho el Sabio 19;;01010;Vitoria-Gasteiz;Araba;;42.8479767;-2.680336;Mujeres con enfermedad Mental y situación de especial dificultad social;Adultos (mujeres);;Exclusión;;Recurso residencial de Intensidad media que da respuesta a las necesidades asistenciales básicas, fomenta el entrenamiento habilidades sociales desarrollo,  así como la independencia y autonomía de los sujetos. ;6;Con derivación;Solicitud y valoración por el trabajador social del Instituto Foral de Bienestar Social (IFBS). Precisa informes de Red de Salud Mental y empadronamiento en el Territorio Histórico de Álava. ;Permanente;Copago;
13;Protocolos y programas;Prestación sanitaria en residencias;Funcional;Programa de atención psiquiátrica en residencias de Araba;No se geolocaliza;;;Vitoria-Gasteiz y Salvatierra-Agurain ;Araba;;;;Ancianos residentes en residencias del Instituto Foral de Bienestar Social, municipales y una residencia privada (Hermanitas de los pobres);Adultos;Dependencia;;;Atención prestada por un equipo compuesto por psiquiatra y enfermería psiquiátrica que se desplaza a diversos centros residenciales de personas Mayores.;;Con derivación;Los propios de la Residencia para Mayores del Instituto Foral de Bienestar Social (IFBS), del Ayuntamieto de Vitoria-Gasteiz y  de las Hermanitas de los Pobres.;Permanente;Gratuito;
14;Ambulatorio;Otras prestaciones;;Centro de Atención Psicosocial (C.A.P.) Ehunate;Vicente Manterola 4;;01013;Vitoria-Gasteiz;Araba;;42.8567278;-2.6701489;Personas que presentan vulnerabilidad social y situación o riesgo de exclusión social;Adultos;Exclusión;Salud mental;Adicciones;Programa de día, multidisciplinar, ambulatorio y especializado cuya misión es facilitar los procesos de inserción y ofrecer el soporte necesario para una adecuada integración social de las personas en situación de exclusión social.;35;Con derivación;;Ambulatoria;Copago;
15;Residencial;Miniresidencia - URTMG;;Residencia Aurregin;Ramón Ortiz de Zárate 4;;01005;Vitoria-Gasteiz;Araba;;42.8432593;-2.6699278;Personas que presentan vulnerabilidad social y situación o riesgo de exclusión social;Adultos;Exclusión;Salud mental;Adicciones;Recurso residencial de estabilización y normalización, con servicio de atención las 24 horas, donde tiene lugar la recuperación de la persona y el desarrollo de capacidades y habilidades personales, sociales, domésticas y laborales, participando en diferentes programas psicoeducativos y donde cada residente, con la ayuda de un equipo de profesionales, desarrolla su propio itinerario de inserción, con el fin de alcanzar la plena  inclusión en la sociedad de manera autónoma.;20;Con derivación;;Permanente;Copago;
16;Residencial;Viviendas con apoyos;;Programa Residencial de Autonomía. 4 viviendas;No se geolocaliza;;;Vitoria-Gasteiz;Araba;;;;Personas que presentan vulnerabilidad social y situación o riesgo de exclusión social;Adultos;Exclusión;Salud mental;Adicciones;Recurso residencial en viviendas ubicadas en zonas normalizadas destinado a personas en situación o riesgo de exclusión social que han realizado un proceso socioeducativo y/o terapéutico dirigido a la superación de problemáticas de salud mental, adicciones, sociosanitarias, judiciales y/o individuales, que han derivado en una situación de vulnerabilidad social o exclusión residencial.;13;Con derivación;Haber  realizado un proceso socioeducativo y/o terapéutico previo;Permanente;Copago;
19;Residencial;Viviendas con apoyos;Funcional;Residencial Zurekin;Diputación 13;;01001;Vitoria-Gasteiz;Araba;;42.8468201;-2.6744768;Mujeres  con enf. mental y especial situacón de dificultad social;Adultos (mujeres);Exclusión;;;Recurso residencial de Intensidad media que da respuesta a las necesidades asistenciales básicas, fomenta el entrenamiento habilidades sociales desarrollo,  así como la independencia y autonomía. ;5;Con derivación;Diagnóstico de enfremedad mental (Osakidetza), discapacidad del 33%, entre 18 y 64 años y sin acceso a mercado laboral.;Permanente;Copago;
20;Residencial;Viviendas con apoyos;Funcional;Vivienda 1 Bidegurutxea;No se geolocaliza;Siervas de Jesús;;Vitoria-Gasteiz;Araba;;;;Personas con enferemedad mental y/o problemas de adicciones. ;Adultos (hombres);Salud mental;Adicciones;;Recurso residencial de Intensidad media que da respuesta a las necesidades asistenciales básicas, fomenta el entrenamiento habilidades sociales desarrollo,  así como la independencia y autonomía. ;8;Con derivación;Diagnóstico de enfremedad mental (Osakidetza), discapacidad del 33%, entre 18 y 64 años y sin acceso a mercado laboral.;Permanente;Copago;
21;Residencial;Viviendas con apoyos;Funcional;Vivienda 2 Bidegurutxea;No se geolocaliza;Pío XII;;Vitoria-Gasteiz;Araba;;;;Personas con enferemedad mental y/o problemas de adicciones. ;Adultos (hombres);Salud mental;Adicciones;;Recurso residencial de Intensidad media que da respuesta a las necesidades asistenciales básicas, fomenta el entrenamiento habilidades sociales desarrollo,  así como la independencia y autonomía. ;8;Con derivación;Diagnóstico de enfremedad mental (Osakidetza), discapacidad del 33%, entre 18 y 64 años y sin acceso a mercado laboral.;Permanente;Copago;
22;Residencial;Viviendas con apoyos;Funcional;Vivienda 3 Bidegurutxea;No se geolocaliza;Florida;;Vitoria-Gasteiz;Araba;;;;Personas con enferemedad mental y/o problemas de adicciones. ;Adultos (mujeres);Salud mental;Adicciones;;Recurso residencial de Intensidad media que da respuesta a las necesidades asistenciales básicas, fomenta el entrenamiento habilidades sociales desarrollo,  así como la independencia y autonomía. ;7;Con derivación;Diagnóstico de enfremedad mental (Osakidetza), discapacidad del 33%, entre 18 y 64 años y sin acceso a mercado laboral.;Permanente;Copago;
23;Residencial;Viviendas con apoyos;Funcional;Vivienda Etrantsi;No se geolocaliza;Ortiz de Zárate;;Vitoria-Gasteiz;Araba;;;;Personas con enferemedad mental y/o problemas de adicciones. ;Adultos (hombres);Salud mental;Adicciones;;Recurso residencial de Intensidad media que da respuesta a las necesidades asistenciales básicas, fomenta el entrenamiento habilidades sociales desarrollo,  así como la independencia y autonomía. ;9;Con derivación;Diagnóstico de enfremedad mental (Osakidetza), discapacidad del 33%, entre 18 y 64 años y sin acceso a mercado laboral.;Permanente;Copago;
24;Residencial;Viviendas con apoyos;Funcional;Vivienda Huntzadar;No se geolocaliza;San Prudencio;;Vitoria-Gasteiz;Araba;;;;Personas con enfermedad mental y en especial situación de dificultad social con edad comprendida entre 18 y 40 años.;Adultos (hombres);Salud mental;Exclusión;;Recurso residencial de Intensidad media que da respuesta a las necesidades asistenciales básicas, fomenta el entrenamiento habilidades sociales desarrollo,  así como la independencia y autonomía. ;7;Con derivación;Diagnóstico de enfremedad mental (Osakidetza), discapacidad del 33%, entre 18 y 64 años y sin acceso a mercado laboral.;Permanente;Copago;
25;Residencial;Miniresidencia - URTMG;Funcional;Hogar Alavés;No se geolocaliza;Trianas;;Vitoria-Gasteiz;Araba;;;;Personas con enfermedad mental y en especial situación de dificultad social con edad comprendida entre 18 y 40 años.;Adultos;Salud mental;Exclusión;;Rcurso residencial de intensidad media orientado a la capacitación para la autonomía.;30;Con derivación;Diagnóstico de enfremedad mental (Osakidetza), discapacidad del 33%, entre 18 y 64 años y sin acceso a mercado laboral.;Permanente;Copago;
26;Residencial;Miniresidencia - URTMG;Funcional;Residencia San Ignacio;No se geolocaliza;San Ignacio de Loyola;;Vitoria-Gasteiz;Araba;;;;Personas con enfermedad mental y sin cobertura sociofamiliar de entre 40 y 65 años.;Adultos;Salud mental;Exclusión;;Atención residencial de naturaleza Grupal, individual y comunitaria con enfocado de sociosanitario y cultural a través de diversas actividades. ;26;Con derivación;Diagnóstico de enfremedad mental (Osakidetza), discapacidad del 33%, entre 18 y 64 años y sin acceso a mercado laboral.;Permanente;Copago;
27;Protocolos y programas;Otras prestaciones y programas;Funcional;Servicio socioeducativo;No se geolocaliza;Olaguibel;;Vitoria-Gasteiz;Araba;;;;Jóvenes de 18 a 35 años con enfermedad mental;Adultos;Salud mental;;;Servicio socioeducativo en unidad residencial de media estancia;9;Con derivación;Valoración por el trabajador social del Instituto Foral de Bienestar Social (IFBS) informes de la Red  de Salud Mental (RSM);Temporal;Copago;
28;Residencial;Viviendas con apoyos;Funcional;Alojamiento Llodio;No se geolocaliza;;;Llodio-Laudio;Araba;;;;Mujeres con enferemedad mental.;Adultos (mujeres);Salud mental;;;Recurso residencial de Intensidad media, orientado a la capacitación para la autonomía. ;3;Con derivación;Valoración por el trabajador social del Instituto Foral de Bienestar Social (IFBS) informes de la Red  de Salud Mental (RSM);Permanente;Copago;
29;Ambulatorio;Inserción laboral sociosanitaria;Funcional;Centro ocupacional ASASAM;Poligono Arza 14;;01400;Llodio-Laudio;Araba;;43.1434506;-2.9579897;Adultos con enfermedad mental domiciliadas en la cuadrilla Ayala.;Adultos;Salud mental;Salud mental;;Programa de ajuste persona, de iniciación productiva y preparación y seguimiento al empleo. ;40;Con derivación;Diagnóstico de enfermedad mental crónica. Sin consumos activos o en tratamiento.  Sin trastornos de conducta graves y/o agresividad Discapacidad del 33% y edad comprendida entre 21 y 64 años.;Temporal;Gratuito;
30;Ambulatorio;Centro de día;Funcional;Centro de día Argibide;c/Lubiana nº 1;;01003;Vitoria- Gasteiz;Araba;;42.84827720000001;-2.6490511;Adultos con enfermedad mental con deterioro psicosocial significativo a nivel social y limitación de capacidades funcionales.;Adultos;Discapacidad;Salud mental;;Adquisición y refuerzo de competencias personales y sociales. Elboración del plan individualizado de desarrollo. Sericio Comedor. ;25;Con derivación;Diagnóstico de enfermedad mental crónica. Sin consumos activos o en tratamiento.  Sin trastornos de conducta graves y/o agresividad Discapacidad del 33% y edad comprendida entre 21 y 64 años.;Ambulatoria;Gratuito;
31;Protocolos y programas;Otras prestaciones y programas;Auxiliar;Servicio de Valoración y diagnóstico del menor y familia;Portal de Gamarra 1;;01013;Vitoria- Gasteiz;Araba;;42.8585954;-2.6631863;Menores y familias;Menores;Población general;;;Servicio de valoración, diagnóstico y orientación de desprotección de menores y propuesta de plan de actuación en cada caso.;;Con y sin derivación;No requeridos;Ambulatoria;Gratuito;
32;Protocolos y programas;Otras prestaciones y programas;Auxiliar;Hogar Sansoheta;Portal de Gamarra 1;;01013;Vitoria-Gasteiz;Araba;;42.8585954;-2.6631863;Menores de entre 13 y 18 años con problemas de conducta y desestructuración personal.;Menores;Población general;;;Valoración y diagnóstico familiar e individual. Programa de alojamiento, programa de atención a la familia, programa de intervención social y comunitaria. Programa especializado de atención a adolescentes con problemas conductuales.;28;Con derivación;Ser menor de 18 años, residir eventual o permanentemente en Alava y que la tutela legal esté asumida por el Consejo del Menor o que sus progenitores  la hayan solicitado. Informe favorable de la COVA (Comisión de Orientación y Valoración).;Temporal;Gratuito;
34;Ambulatorio;Centro de día;Estructural;Centro de Día Ajuria Asistido;Serafín de Ajuria s/n;;01008;Vitoria-Gasteiz;Araba;;42.8496735;-2.6849719;Personas mayores de 65 años con dependencia y/o enferemedad mental. ;Adultos;Dependencia;Salud mental;;Recurso diurno para personas mayores de 65 años y grado de dependencia reconocido.;40;Con derivación;Dependencia reconocida. Más de 65 años. Empadronamiento en Territorial de Álava.Aceptación Programa Individual de Atención (PIA);Permanente;Copago;
36;Ambulatorio;Centro de día;Estructural;Centro de Día Asistido Txagorritxu;Méjico 11;;01009;Vitoria-Gasteiz;Araba;;42.8533832;-2.6878714;Personas mayores de 65 años con dependencia y/o enferemedad mental. ;Adultos;Dependencia;Salud mental;;Recurso diurno para personas mayores de 65 años y grado de dependencia reconocido.;40;Con derivación;Dependencia reconocida. Más de 65 años. Empadronamiento en Territorial de Álava.Aceptación Programa Individual de Atención (PIA);Permanente;Copago;
37;Ambulatorio;Centro de día;Estructural;Centro de Día Psicogeriátrico Txagorritxu;Méjico 11;;01009;Vitoria-Gasteiz;Araba;;42.8533832;-2.6878714;Personas mayores de 65 años con enfermedad mental. ;Adultos;Salud mental;Dependencia;;Recurso diurno para personas mayores de 65 años y grado de dependencia reconocido y trastorno mental. ;38;Con derivación;Dependencia reconocida. Más de 65 años. Empadronamiento en Territorial de Álava.Aceptación Programa Individual de Atención (PIA);Permanente;Copago;
39;Ambulatorio;Centro de día;Estructural;Centro de Día Zadorra Asistido;Iturrizabala 50F;;01003;Vitoria-Gasteiz;Araba;;42.8770713;-2.6772516;Personas mayores de 65 años con dependencia ;Adultos;Dependencia;;;Recurso diurno para personas mayores de 65 años y grado de dependencia reconocido;30;Con derivación;Dependencia reconocida. Más de 65 años. Empadronamiento en Territorial de Álava.Aceptación Programa Individual de Atención (PIA);Permanente;Copago;
40;Ambulatorio;Centro de día;Estructural;Centro de Día Zadorra Psicogeriatrico;Iturrizabala 50F;;01003;Vitoria-Gasteiz;Araba;;42.8770713;-2.6772516;Personas mayores de 65 años con enfremedad mental;Adultos;Salud mental;Dependencia;;Recurso diurno para personas mayores de 65 años y grado de dependencia reconocido;30;Con derivación;Dependencia reconocida. Más de 65 años. Empadronamiento en Territorial de Álava.Aceptación Programa Individual de Atención (PIA);Permanente;Copago;
43;Ambulatorio;Centro de día;Estructural;Centr de Día Sallurtegui;Lapurdi 7;;01200;Agurain-Salvatierra;Araba;;42.85202390000001;-2.3877806;Personas mayores de 65 años con dependencia y/o enfermedad mental. ;Adultos;Dependencia;Salud mental;;Recurso diurno para personas mayores de 65 años y grado de dependencia reconocido;30;Con derivación;Dependencia reconocida. Más de 65 años. Empadronamiento en Territorial de Álava.Aceptación Programa Individual de Atención (PIA);Permanente;Copago;
47;Ambulatorio;Centro de día;Estructural;Centro de Día San Roke;Avda. Zumalakarregui;;01400;Llodio-Laudio;Araba;;43.1424258;-2.9635895;Personas mayores de 65 años con dependencia y/o enfermedad mental. ;Adultos;Dependencia;Salud mental;;Recurso diurno para personas mayores de 65 años y grado de dependencia reconocido;30;Con derivación;Dependencia reconocida. Más de 65 años. Empadronamiento en Territorial de Álava.Aceptación Programa Individual de Atención (PIA);Permanente;Copago;
49;Ambulatorio;Centro de día;Estructural;Centro de Día Lakua;Oria 2-4;;01007;Vitoria-Gasteiz;Araba;;42.834706;-2.6909317;Personas mayores de 65 años con  enfermedad mental. ;Adultos;Salud mental;;;Recurso diurno para personas mayores de 65 años y grado de dependencia reconocido;25;Con derivación;Dependencia reconocida. Más de 65 años. Empadronamiento en Territorial de Álava.Aceptación Programa Individual de Atención (PIA);Permanente;Copago;
51;Ambulatorio;Centro de día;Funcional;Centro de Día Ariznavarra Asistido;Teodoro González De Zárate 14;;01007;Vitoria-Gasteiz;Araba;;42.8396969;-2.6956282;Personas mayores de 65 años con dependencia y/o enfermedad mental. ;Adultos;Dependencia;;;Recurso diurno para personas mayores de 65 años y grado de dependencia reconocido;30;Con derivación;Dependencia reconocida. Más de 65 años. Empadronamiento en Territorial de Álava.Aceptación Programa Individual de Atención (PIA);Permanente;Copago;
52;Ambulatorio;Centro de día;Funcional;Centro de Día Ariznavarra Psicogeriatría;Teodoro González De Zárate 14;;01007;Vitoria-Gasteiz;Araba;;42.8396969;-2.6956282;Personas mayores de 65 años con  enfermedad mental. ;Adultos;Salud mental;;;Recurso diurno para personas mayores de 65 años y grado de dependencia reconocido;30;Con derivación;Dependencia reconocida. Más de 65 años. Empadronamiento en Territorial de Álava.Aceptación Programa Individual de Atención (PIA);Permanente;Copago;
53;Ambulatorio;Centro de día;Funcional;Centro de Día Bizia Psicogeriátrico;Pablo Neruda 1;;01009;Vitoria-Gasteiz;Araba;;42.8526564;-2.6892629;Personas mayores de 65 años con  enfermedad mental. ;Adultos;Salud mental;;;Recurso diurno para personas mayores de 65 años y grado de dependencia reconocido;35;Con derivación;Dependencia reconocida. Más de 65 años. Empadronamiento en Territorial de Álava.Aceptación Programa Individual de Atención (PIA);Permanente;Copago;
54;Ambulatorio;Centro de día;Funcional;Centro de Día de fin de semana Txagorritxu;Méjico 11;;01009;Vitoria-Gasteiz;Araba;;42.8533832;-2.6878714;Personas mayores de 65 años con  enfermedad mental. ;Adultos;Salud mental;;;Recurso diurno para personas mayores de 65 años y grado de dependencia reconocido;30;Con derivación;Dependencia reconocida. Más de 65 años. Empadronamiento en Territorial de Álava.Aceptación Programa Individual de Atención (PIA);Temporal;Copago;
55;Residencial;Viviendas con apoyos;Funcional;Vivienda Psicogeriátrica Pablo Neruda;Pablo Neruda 5;;01009;Vitoria-Gasteiz;Araba;;42.8528502;-2.6901986;Personas mayores de 65 años con enfermedad mental. ;Adultos;Salud mental;;;Vivienda habitual para persona mayores con algún trastorno mental con apoyo para tareas complejas y situadas en el medio rural. ;14;Con derivación;Empadronamiento en el Territorio Histórico de Álava. Mayor de 65 años, con dependencia reconocida. ;Permanente;Copago;
56;Protocolos y programas;Otras prestaciones y programas;Auxiliar;Cuidarse para cuidar;No se geolocaliza;;;;Araba;;;;Familias cuidadoras de personas mayores dependientes.;Adultos;Dependencia;;;Programa de apoyo a la red natural en zona rural. Incluye grupos de ayuda mutua, formación específica y de atención psicológica familiar en el domicilio. Prestado por Servicios Sociales de Base.;;Con derivación;Tener a su  cargo una persona mayor dependiente y que ésta esté empadronada en la zona rural del Territorio Histórico de Álava.;Temporal;Gratuito;
57;Residencial;Convalecencia sociosanitaria - URSS;Estructural;Unidad Residencial Sociosanitaria (URSS);Alto del Prado 10;;01007;Vitoria -Gasteiz;Araba;;42.8376629;-2.6920076;Cuidados al final de la vida. Convalecencia tras ingreso hospitalario. Trastorno conductual. Personas con alta hospitalaria que no pueden regresar a domicilio por problemas sociales. Personas con enfermedad infecto-contagiosa que precisan medidas especiales pero sin ingreso hospitalario.;Adultos;Población general;;;Recurso asistencial temporal que proporciona las prestaciones necesarias (sociales y sanitarias) a personas con necesidad intensa de cuidados.;25;Con derivación;Empadronamiento en el Territorio Histórico de Álava.  Tener más de 18 años. Ser beneficiario de servicio público vasco de salud u otro que asuma los gastos correspondientes. Informe favorable de COVA. Tener uno de los perfiles definidos en Decreto Foral 32/2015.;Temporal;Copago;
59;Protocolos y programas;Programa de atención temprana;Funcional;Programa de atención temprana de Araba;Escultor Isaac Diez s/n;;01007;Vitoria-Gasteiz;Araba;;42.837958;-2.6791979;Menores de 6 años y familias.;Menores;Necesidades especiales;;;Potenciar capacidades y bienestar tendentes a lograr autonomía e integración a través de actividades de estimulación global, fisioterapia, logopedia, musicoterapia.;;Con derivación;Tener menos de 6 años, padecer un trastorno del desarrollo y/o riesgo de padecerlo, y contar con un Informe técnico.;Ambulatoria;Gratuito;
60;Protocolos y programas;Programa de apoyo especializado;Funcional;Autonomía Personal;Pedro Asúa s/n.;;01008;Vitoria-Gasteiz;Araba;;42.8463479;-2.6909153;Presonas con discapacidad motórica grave. Discapacidad Mínima 65% sin discapacidad intelectual ni enfermedad mental.;Adultos;Discapacidad;Dependencia;Necesidades especiales;Terapia ocupacional, comunicación y habilitación social, rehabilitación cognitiva tendente a la autonomía e integración.;30;Con derivación;Tener una discapacidad física reconocida.;Ambulatoria;Copago;
61;Ambulatorio;Centro de día;Funcional;Centro de Día Etxebidea;Malizhaeza s/n;;01195;Armentia;Araba;;42.82754490000001;-2.6985115;Personas con discapacidad intelectual profunda. ;Adultos;Discapacidad;;;Atención asistencial y terapeútica diurna.;40;Con derivación;Empadronamiento Territorio Histórico de Álava, tner una dependencia de grado 3, Programa Individual de Atención (PIA) reconocido, e informe técnico favorable;Permanente;Copago;
62;Ambulatorio;Centro de día;Funcional;Centro de Día Ehari;Sierra de Urbasa 5-7;;01010;Vitoria-Gasteiz;Araba;;42.8596209;-2.6990767;Personas con discapacidad física grave neuromotora y del aparato locomotor, sin trastorno psiquico grave. ;Adultos;Discapacidad;;;Rehabilitación de la función mental superior, entrenamiento actividades para la vida, terapia ocupacional y actividades formativas.;25;Con derivación;Tener grado de dependencia 3, estar empadronado en el Territorio Histórico de Álava, tener el Programa Individual de Atención (PIA), e informe técnico favorable;Permanente;Copago;
63;Ambulatorio;Otras prestaciones;Funcional;Atención diurna en residencia Goizalde;Paseo Fray Francisco 20;;01007;Vitoria-Gasteiz;Araba;;42.8410304;-2.6824739;Personas con discapacidad física grave;Adultos;Discapacidad;;;Atención y cuidados residenciales (incluido transporte) en horario diurno.;6;Con derivación;Tener grado de dependencia reconocido, estar empadronado en el Territorio Histórico de Álava, tener el Programa Individual de Atención (PIA), e informe técnico favorable;Permanente;Copago;
64;Ambulatorio;Centro de día;Funcional;Centro de Día Landaverde;Landaberde, 3;;01010;Vitoria-Gasteiz;Araba;;42.86499;-2.70215;Personas con trastorno del espectro autista;Adultos;Discapacidad;;;Conservación y potenciación de habilidades, formación en aptitudes y competencias;25;Con derivación;Tener grado de dependencia reconocido, estar empadronado en el Territorio Histórico de Álava, tener el Programa Individual de Atención (PIA), e informe técnico favorable;Permanente;Copago;
65;Ambulatorio;Inserción laboral sociosanitaria;Auxiliar;Centro ocupacional Salburua;Andalucía 9;;01003;Vitoria-Gasteiz;Araba;;42.849111;-2.658709;Personas con discapacidad Intelectual que no pueden acceder a empleo y se benfician de actividades ocupacionales.;Adultos;Discapacidad;;;Programa de adiestramiento de funciones y habilidades. Programa de preparación al empleo, Servicio Pedagógico, psicológico y Trabajador Social.;40;Con derivación;Tener grado de dependencia reconocido, estar empadronado en el Territorio Histórico de Álava, tener el Programa Individual de Atención (PIA), e informe técnico favorable;Permanente;Gratuito;
66;Ambulatorio;Inserción laboral sociosanitaria;Auxiliar;Centro ocupacional Lakua;Martín Susaeta 6;;01010;Vitoria-Gasteiz;Araba;;42.8574616;-2.6960942;Personas con discapacidad Intelectual que no pueden acceder a empleo y se benfician de actividades ocupacionales.;Adultos;Discapacidad;;;Programa de adiestramiento de funciones y habilidades. Programa de preparación al empleo, Servicio Pedagógico, psicológico y Trabajador Social.;56;Con derivación;Tener grado de dependencia reconocido, estar empadronado en el Territorio Histórico de Álava, tener el Programa Individual de Atención (PIA), e informe técnico favorable;Permanente;Gratuito;
67;Ambulatorio;Inserción laboral sociosanitaria;Auxiliar;Centro ocupacional Arriaga;José M. Oz. De Mendivil 2;;01010;Vitoria-Gasteiz;Araba;;42.8563356;-2.7033575;Personas con discapacidad Intelectual que no pueden acceder a empleo y se benfician de actividades ocupacionales.;Adultos;Discapacidad;;;Programa de adiestramiento de funciones y habilidades. Programa de preparación al empleo, Servicio Pedagógico, psicológico y Trabajador Social.;56;Con derivación;Tener grado de dependencia reconocido, estar empadronado en el Territorio Histórico de Álava, tener el Programa Individual de Atención (PIA), e informe técnico favorable;Permanente;Gratuito;
68;Ambulatorio;Inserción laboral sociosanitaria;Auxiliar;Centro ocupacional Adurza;Txalaparta s/n;;01006;Vitoria-Gasteiz;Araba;;42.8372454;-2.6651672;Personas con discapacidad Intelectual que no pueden acceder a empleo y se benfician de actividades ocupacionales.;Adultos;Discapacidad;;;Programa de adiestramiento de funciones y habilidades. Programa de preparación al empleo, Servicio Pedagógico, psicológico y Trabajador Social.;40;Con derivación;Tener grado de dependencia reconocido, estar empadronado en el Territorio Histórico de Álava, tener el Programa Individual de Atención (PIA), e informe técnico favorable;Permanente;Gratuito;
69;Ambulatorio;Inserción laboral sociosanitaria;Auxiliar;Centro ocupacional Ariznavarra;Castillo de Quejana s/n;;01007;Vitoria-Gasteiz;Araba;;42.8412423;-2.6904128;Personas con discapacidad Intelectual que no pueden acceder a empleo y se benfician de actividades ocupacionales.;Adultos;Discapacidad;;;Programa de adiestramiento de funciones y habilidades. Programa de preparación al empleo, Servicio Pedagógico, psicológico y Trabajador Social.;40;Con derivación;Tener grado de dependencia reconocido, estar empadronado en el Territorio Histórico de Álava, tener el Programa Individual de Atención (PIA), e informe técnico favorable;Permanente;Gratuito;
70;Ambulatorio;Inserción laboral sociosanitaria;Auxiliar;Centro ocupacional Helios;Anglo Vasco 5;;01002;Vitoria-Gasteiz;Araba;;42.8518577;-2.665447700000001;Personas con discapacidad Intelectual que no pueden acceder a empleo y se benfician de actividades ocupacionales.;Adultos;Discapacidad;;;Programa de adiestramiento de funciones y habilidades. Programa de preparación al empleo, Servicio Pedagógico, psicológico y Trabajador Social.;40;Con derivación;Tener grado de dependencia reconocido, estar empadronado en el Territorio Histórico de Álava, tener el Programa Individual de Atención (PIA), e informe técnico favorable;Permanente;Gratuito;
71;Ambulatorio;Inserción laboral sociosanitaria;Auxiliar;Centro ocupacional Arbulo;Carretera de Irún km. 0;;01192;Arbulo;Araba;;42.8746084;-2.566925;Personas con discapacidad Intelectual que no pueden acceder a empleo y se benfician de actividades ocupacionales.;Adultos;Discapacidad;;;Programa de adiestramiento de funciones y habilidades. Programa de preparación al empleo, Servicio Pedagógico, psicológico y Trabajador Social.;8;Con derivación;Tener grado de dependencia reconocido, estar empadronado en el Territorio Histórico de Álava, tener el Programa Individual de Atención (PIA), e informe técnico favorable;Permanente;Gratuito;
72;Ambulatorio;Inserción laboral sociosanitaria;Auxiliar;Centro ocupacional Kimu;Camino de Santa Lucía s/n.;;01320;Oyón;Araba;;42.4973894;-2.4328977;Personas con discapacidad Intelectual que no pueden acceder a empleo y se benfician de actividades ocupacionales.;Adultos;Discapacidad;;;Programa de adiestramiento de funciones y habilidades. Programa de preparación al empleo, Servicio Pedagógico, psicológico y Trabajador Social.;19;Con derivación;Tener grado de dependencia reconocido, estar empadronado en el Territorio Histórico de Álava, tener el Programa Individual de Atención (PIA), e informe técnico favorable;Permanente;Gratuito;
73;Ambulatorio;Inserción laboral sociosanitaria;Auxiliar;Centro ocupacional Lantze;Barrio de Lateorro sn.;;01400;Llodio-Laudio;Araba;;43.1434506;-2.9579897;Personas con discapacidad Intelectual que no pueden acceder a empleo y se benfician de actividades ocupacionales.;Adultos;Discapacidad;;;Programa de adiestramiento de funciones y habilidades. Programa de preparación al empleo, Servicio Pedagógico, psicológico y Trabajador Social.;50;Con derivación;Tener grado de dependencia reconocido, estar empadronado en el Territorio Histórico de Álava, tener el Programa Individual de Atención (PIA), e informe técnico favorable;Permanente;Gratuito;
74;Ambulatorio;Centro de día;Funcional;Centro Ocupacional Puerto Rico;Puerto Rico 6;;01012;Vitoria-Gasteiz;Araba;;42.8573833;-2.6798158;Personas con discapacidad Intelectual que no pueden acceder a empleo y se benfician de actividades ocupacionales.;Adultos;Discapacidad;;;Programa de adiestramiento de funciones y habilidades. Programa de preparación al empleo, Servicio Pedagógico, psicológico y Trabajador Social.;50;Con derivación;Tener grado de dependencia reconocido, estar empadronado en el Territorio Histórico de Álava, tener el Programa Individual de Atención (PIA), e informe técnico favorable;Permanente;Gratuito;
75;Residencial;Residencia;Estructural;Residencia Etxebidea;Malizhaeza s/n.;;01195;Vitoria-Gasteiz;Araba;;42.82754490000001;-2.6985115;Personas con discapacidad Intelectual con necesidad de apoyos generalizados.;Adultos;Discapacidad;;;Recursos residenciales, atención sanitaria, rehabilitación, modificación de hábitos de conducta, y  programa de adiestramiento. ;75;Con derivación;Tener grado de dependencia 3, estar empadronado en el Territorio Histórico de Álava, tener el Programa Individual de Atención (PIA), e informe técnico favorable.;Permanente;Copago;
76;Residencial;Viviendas con apoyos;Funcional;Residencia Basoa;Basoa 9;;01012;Vitoria-Gasteiz;Araba;;42.85475599999999;-2.677785;Persocnas con discapacidad Intelectual;Adultos;Discapacidad;;;Recursos residenciales con apoyo técnico dirigido a la promoción e integración social y a potenciar el autocuidado. ;12;Con derivación;Tener reconocida una discapacidad intelectual, estar empadronado en el Territorio Histórico de Álava, tener el Programa Individual de Atención (PIA), e informe técnico favorable;Permanente;Copago;
77;Residencial;Viviendas con apoyos;Funcional;Residencia Portal de Castilla;Portal de Castilla 118-120;;01007;Vitoria-Gasteiz;Araba;;42.8388493;-2.6949464;Persocnas con discapacidad Intelectual;Adultos;Discapacidad;;;Recursos residenciales con apoyo técnico dirigido a la promoción e integración social y a potenciar el autocuidado. ;12;Con derivación;Tener reconocida una discapacidad intelectual, estar empadronado en el Territorio Histórico de Álava, tener el Programa Individual de Atención (PIA), e informe técnico favorable;Permanente;Copago;
78;Residencial;Viviendas con apoyos;Funcional;Residencia Zaldiaran;Oyón 51;;01015;Vitoria-Gasteiz;Araba;;42.8389326;-2.7104461;Persocnas con discapacidad Intelectual;Adultos;Discapacidad;;;Recursos residenciales con apoyo técnico dirigido a la promoción e integración social y a potenciar el autocuidado. ;9;Con derivación;Tener reconocida una discapacidad intelectual, estar empadronado en el Territorio Histórico de Álava, tener el Programa Individual de Atención (PIA), e informe técnico favorable;Permanente;Copago;
79;Residencial;Residencia;Estructural;Residencia Goizalde;Paseo Fray Francisco 20;;01007;Vitoria-Gasteiz;Araba;;42.8410304;-2.6824739;Personas con discapacidad física grave;Adultos;Discapacidad;;;Recurso residencial con atención social, enfermería, tiempo libre e inserción social.;27;Con derivación;Tener reconocida discapacidad física grave, estar empadronado en el Territorio Histórico de Álava, tener el Programa Individual de Atención (PIA), e informe técnico favorable;Permanente;Copago;
80;Residencial;Viviendas con apoyos;Funcional;Residencia Donostia;Donostia 74;;01010;Vitoria-Gasteiz;Araba;;42.8679858;-2.692648;Personas con discapacidad preferentemente visual;Adultos;Discapacidad;;;Recurso de promoción personal e integración social. Alojamiento y cuidados personales.;9;Con derivación;Tener reconocida discapacidad física grave, estar empadronado en el Territorio Histórico de Álava, tener el Programa Individual de Atención (PIA), e informe técnico favorable;;Copago;
81;Residencial;Viviendas con apoyos;Funcional;5 Pisos supervisados;General Álava 10;;01005;Vitoria-Gasteiz;Araba;;42.8450175;-2.6731605;Personas con discapacidad física intelectual o sensorial y dependencia para las actividades de la vida diaria. ;Adultos;Discapacidad;Dependencia;;Recurso residencial de intentisdad media.;20;Con derivación;Tener reconocida discapacidad física grave, estar empadronado en el Territorio Histórico de Álava, tener el Programa Individual de Atención (PIA), e informe técnico favorable;Permanente;Gratuito;
82;Residencial;Viviendas con apoyos;Funcional;Piso de respiro de fin de semana;No se geolocaliza;;;Vitoria-Gasteiz;Araba;;;;Personas con discapacidad física intelectual o sensorial y dependencia para las actividades de la vida diaria. ;Menores;Discapacidad;Dependencia;;Recurso de apoyo familiar para familias cuidadoras de menores con discapacidad intelectual que precisan de apoyo generalizado.;3;Sin derivación;Ser menor de 18 años;Temporal;Copago;
83;Residencial;Viviendas con apoyos;Funcional;15 Hogares de grupo;General Álava 10;;01005;Vitoria -Gasteiz;Araba;;42.8450175;-2.6731605;Personas con discapacidad física intelectual o sensorial y dependencia para las actividades de la vida diaria. ;Adultos;Discapacidad;Dependencia;;Recurso residencial de media y baja intensidad;146;Con derivación;Tener el grado de dependencia reconocido, esta empadronado Territorio Histórico de Álava, contar con Programa Individual de Atención (PIA) reconocido e informe técnico favorable;Permanente;Copago;
84;Ambulatorio;Otras prestaciones;Funcional;Atención diurna en residencias;No se geolocaliza;;;;Araba;;;;Personas mayores de 60 años con reconocimiento de dependencia;Adultos;Dependencia;;;Atención durante el día en residencias y viviendas comunitarias que no tienen centro de día, es decir, en Residencias Etxebidea y Goizalde.;23;Con derivación;Tener dependencia reconocida, tener más de 65 años. Esta empadronado en el Territorio Histórico de Álava, tener el Programa Individual de Atención (PIA) y prestar la aceptación del mismo. ;;Copago;
85;Protocolos y programas;Otras prestaciones y programas;Funcional;Prestaciones economicas para atención en residencias;No se geolocaliza;;;;Araba;;;;Familias cuidadoras de presonas mayores dependientes.;Adultos;Población general;;;Recurso de estancia temporal por especial necesidad o urgencia en residencias públicas y/o ayuda económica para estancia temporal en residencias privadas. Límite temporal máximo 45 días/año.;;Con derivación;Tener dependencia reconocida, tener más de 65 años. Esta empadronado en el Territorio Histórico de Álava, tener el Programa Individual de Atención (PIA) y prestar la aceptación del mismo. ;Temporal;Copago;
86;Ambulatorio;Inserción laboral sociosanitaria;Funcional;Empleo con apoyo (ASPASOSR-ARABAKO GORRAK);ASPASOR: Aragon kalea 11 ARABAKO GORRAK: Palencia 6;;01003;;Araba;;;;Personas con discapacidad que encuentran dificultades de inserción laboral;Adultos;Discapacidad;;;Labor de mediación y apoyo que favorezca tanto al colectivo de personas discapacitadas como a las empresas contratantes.;;Sin derivación;Según bases de la convocatoria ;Temporal;Gratuito;
87;Protocolos y programas;Otras prestaciones y programas;Auxiliar;Ayudas a la autonomía;No se geolocaliza;;;;Araba;;;;Asociaciones y/o fundaciones ;Adultos y menores;Discapacidad;;;Ayudas económicas para contribuir al desarrollo de programas y actividades dirigidas a personas con discapacidad;;Sin derivación;Según bases de la convocatoria ;Temporal;Gratuito;
88;Ambulatorio;Centro de día;Funcional;Centro de Día San Prudencio;Francia 35;;01002;Vitoria-Gasteiz;Araba;;42.8497316;-2.6693671;Personas mayores de 60 años con diverso grado de dependencia;Adultos;Dependencia;;;Recurso sociosanitario y de apoyo a las familias que ofrece durante el día atención a las necesidades personales básicas, terapéuticas y socioculturales de las personas mayores con diverso grado de dependencia.;40;Con derivación;;Permanente;Copago;
90;Protocolos y programas;Otras prestaciones y programas;Auxiliar;Programa integral de apoyo a familias cuidadoras de personas mayores;No se geolocaliza;;;Vitoria-Gasteiz;Araba;;;;Familias cuidadoras de personas mayores;Adultos;Población general;;;Programa de intervención de ámbito comunitario destinado a prestar apoyo a las familias cuidadoras: servicio de respiro y programas psicosociales.;;Con y sin derivación;Personas empadronadas en Vitoria-Gasteiz cuidadoras de personas mayores de 65 años;Temporal;Copago;
91;Protocolos y programas;Otras prestaciones y programas;Auxiliar;Asesoría psicológica en supuestos de abuso sexual;No se geolocaliza;;;Vitoria-Gasteiz;Araba;;;;Niños y niñas, adolescentes y sus familias.;Adultos y menores;Población general;;;Valoración de situaciones de abuso sexual, atención psicológica a niños y niñas y sus familias, asesoría y formación a profesionales.;;Con derivación;Niños/as y sus familias residentes en Vitoria-Gasteiz;Temporal;Gratuito;
92;Protocolos y programas;Protocolo de atención sociosanitaria;Estructural;Protocolo de colaboración y coordinación entre servicios sociales municipales y las Unidades de atención primaria de la Comarca Araba;No se geolocaliza;;;Vitoria-Gasteiz;Araba;;;;Personas y familias atendidas con necesidades sociosanitarias;Adultos y menores;Población general;Dependencia;Exclusión;Protocolo de colaboración y coordinación entre servicios sociales municipales y las unidades de atención primaria de la Comarca Araba.;;Con derivación; Personas residentes en Vitoria-Gasteiz;Permanente;Gratuito;
93;Protocolos y programas;Protocolo de atención sociosanitaria;Estructural;Protocolo de colaboración y coordinación entre servicios sociales municipales y la red de salud mental de Araba y el Servicio de Psiquiatría del HUA Araba;No se geolocaliza;;;Vitoria-Gasteiz;Araba;;;;Personas y familias atendidas con necesidades sociosanitarias y/o salud mental;Adultos y menores;;Adicciones;Exclusión;Protocolo de colaboración y coordinación entre servicios sociales municipales,  la red de salud mental de Araba y el servicio de psiquiatría del HUA Araba.;;Con derivación; Personas residentes en Vitoria-Gasteiz;Permanente;Gratuito;
94;Residencial;Otros recursos residenciales;Funcional;Centro Municipal de Acogida social. Recurso de alojamiento y convivencia, de corta ylarga estancia, destinado a PSER y familias (con hijos/as a su cargo) que se encuentran en situación de riesgo oexcklusión social y residencial;Avenida del Mediterráneo 12;;01010;Vitoria-Gasteiz;Araba;;42.8499075;-2.694009;PSER (Personas en Situación de Exclusión Residencial) y familias con hijos/as a cargo.;Adultos y menores;Exclusión;Adicciones;;Servicio de alojamiento con apoyos de media o alta intensidad dirigido a la realización de intervenciones orientadas a la inclusión social. Abierto 24 horas al día. ;67;Con derivación;Personas con edades comprendidas entre 18 y 65 años. Unidades convivenciales con niños/as que ue carecen de hogar y requieren apoyo de media o alta intensidad, y personas en tránsito. ;Temporal;Copago;
95;Residencial;Otros recursos residenciales;Funcional;ATERPE. Dispositivo de alojamiento de baja intensidad.  ;Villasuso 3;;01001;Vitoria-Gasteiz;Araba;;42.8476186;-2.6720492;PSER de 18 a 65 años. En particular personas en tránsito y personas sin  hogar.;Adultos;Exclusión;Adicciones;;Recurso de urgencia social. Dispositivo de alojamiento de baja intensidad. Ofrece alojamiento, desayuno, higiene, e intervención socioeducativa.;32;Con derivación;Personas PSER  con edades comprendidas entre 18 y 65 años que carecen de hogar y requieren apoyo de media o alta intensidad. ;Temporal;Copago;
96;Residencial;Otros recursos residenciales;Funcional;CASA ABIERTA. Recurso de alojamiento y convivencia, para Personas en Sitaución de Exclusión Residencial (PSER) en exclusión moderada. Alojamiento de larga estancia;Villasuso 3;;01001;Vitoria-Gasteiz;Araba;;42.8476186;-2.6720492;PSER de exclusión moderada, de 18 a 65 años con padrón de al menos 6 meses.;Adultos;Exclusión;Adicciones;;Recurso de alojamiento y convivencia. Alojamiento de larga estancia. Alta intensidad.;16;Con derivación;Personas PSER  con edades comprendidas entre 18 y 65 años. Padrón de al menos 6 meses. No padecer trastornos de conducta ni comportamiento que puedan perturbar, no rechazar tratamiento de enfermedad infecto-contagiosa, no padecer enfermedad que requiera hospitalización, no requerir asistencia sanitaria especializada.;Temporal;Copago;
97;Ambulatorio;Otras prestaciones;Funcional;ESTRADA. Centro de atención diurna para personas en exclusión, de baja exigencia y uso temporal;Fuente de la salud 4, bajo;;01003;Vitoria-Gasteiz;Araba;;42.841234;-2.6619702;PSER, de 18 a 65 años. Personas con conductas asociadas al consumo activo de sustancias adictivas o en periodo de abstinencia. Residentes.;Adultos;Exclusión;Adicciones;;Centro de atención diurna para personas en exclusión, de baja exigencia y uso temporal.;70;Con derivación;Personas en situación de exclusión. De 18 a 65 años, residentes. Personas con conductas asociadas al consumo activo de sustancias adictivas o en abstinencia,  que requieran apoyo para cobertura de necesidades. No padecer trastornos de conducta o comportamientos que puedan perturbar gravemente, no precisar asistencia sanitaria ni rechazar tratamiento de nefermedad infecto-contagiosa. ;Temporal;Copago;
98;Residencial;Otros recursos residenciales;Funcional;DAI: Dispositivo de alojamiento Invernal que posibilita durante los meses de mayor adversidad climatológica el acceso a los centros de alojamiento municipal de Personas sin hogar (varios centros);No se geolocaliza;;;Vitoria-Gasteiz;Araba;;;;Personas que no disponen de hogar y que pernoctan en la calle.;Adultos;Exclusión;Adicciones;;Dispositivo de alojamiento que posibilita durante los meses de mayor adversidad climatológica el acceso a los centros de alojamiento municipal de Personas sin hogar. ;;Con y sin derivación;No disponer de hogar y pernoctar en la calle;Temporal;Gratuito;
99;Residencial;Viviendas con apoyos;Funcional;Pisos Tutelados. Viviendas de carácter colectivo;No se geolocaliza;;;Vitoria-Gasteiz;Araba;;;;Personas entre 18 y 65 años. Unidades convivenciales con niños/as a su cargo. Personas con dificultad de alojamiento  o carentes de alojamiento. Residentes en Vitoria-Gasteiz con al menos 6 meses de padrón. ;Adultos y menores;Exclusión;Adicciones;;Viviendas de carácter colectivo;;Con derivación;;Permanente;Copago;
100;Residencial;Viviendas con apoyos;Funcional;BESARKADA ETXEA. Vivienda de carácter colectivo;Juntas Generales 61;;01010;Vitoria-Gasteiz;Araba;;42.866261;-2.6776062;Personas con VIH en estadío avanzado y sin apoyo familiar;Adultos;Exclusión;Adicciones;;Recurso residencial que proporciona apoyo psicosocial y posibilita el seguimiento global e integral de cada persona.;14;Con derivación;;Permanente;Copago;
102;Ambulatorio;Centro de día;;Proyecto Hombre;San Ignacio de Loyola 2;;01001;Vitoria-Gasteiz;Araba;;42.852731;-2.6715351;;Adultos;Adicciones;Adicciones;Adicciones;;;;;;;
103;Residencial;Viviendas con apoyos;;Proyecto Hombre;Ramon y cajal 13;;01004;Vitoria-Gasteiz;Araba;;42.8439171;-2.6782487;;Adultos;Adicciones;Adicciones;Adicciones;;;;;;;
104;Protocolos y programas;Programa de apoyo especializado;Estructural;Programa Aukera ;San Ignacio de Loyola 2;;01001;Vitoria-Gasteiz;Araba;;42.852731;-2.6715351;;Adultos;Adicciones;Adicciones;Adicciones;Programa integral para el tratamiento de problemáticas derivadas del consumo de drogas, fundamentalmente psicoestimulantes y consumos asociados de alcohol y/o cannabis.;;Con y sin derivación;;Temporal;Gratuito;
105;Protocolos y programas;Otras prestaciones y programas;Estructural;Programa Hazgarri;San Ignacio de Loyola, 2;;01001;Vitoria-Gasteiz;Araba;;42.852731;-2.6715351;Programa preventivo drogacciones para adolescentes, jovenes y sus familias;Adultos y menores;Adicciones;;Población general;Programa de Prevencion: selectiva, universal, comunitaria;;Con y sin derivación;;Temporal;Gratuito;
106;Protocolos y programas;Otras prestaciones y programas;Estructural;Servicio de habilitación psicosocial: OREKA;Amadís 2;;01010;Vitoria-Gasteiz;Araba;;42.8624099;-2.6872249;Personas con enfermedad mental;Adultos;;;;Espacio de encuentro y disfrute del tiempo libre.;;Con y sin derivación;Personas con diagnóstico de enfermedad mental;Ambulatoria;Gratuito;
107;Protocolos y programas;Otras prestaciones y programas;Funcional;Talleres Psicosociales;Amadís 2;;01010;Vitoria-Gasteiz;Araba;;42.8624099;-2.6872249;Personas con enfermedad mental;Adultos;;;;Talleres psicosociales abiertos en horario de mañana, con plazas limitadas y con compromiso de asistencia.;;Con derivación;Personas con diagnóstico de enfermedad mental;Ambulatoria;Copago;
108;Protocolos y programas;Otras prestaciones y programas;Estructural;Atención a familiares - Escuela de Familiares;Amadís 2;;01010;Vitoria-Gasteiz;Araba;Municipios de ARABA;42.8624099;-2.6872249;Familiares y amigos de personas con enfermedad mental;Adultos;;;;La escuela de familiares, es un espacio formativo,  en el que se explica de manera objetiva qué son las enfermedades mentales, así como pautas para su mejor manejo y comprensión. ;;Con y sin derivación;Ser familiar/allegado de personas con enfermedad mental;Ambulatoria;Gratuito;
109;Protocolos y programas;Otras prestaciones y programas;Estructural;Atención a familiares - Grupo de Autoayuda;Amadís 2;;01010;Vitoria-Gasteiz;Araba;Municipios de ARABA;42.8624099;-2.6872249;Familiares y amigos de personas con enfermedad mental;Adultos;;;;El grupo de autoayuda de familiares, es un espacio de apoyo emocional entre personas que viven las mismas circunstancias, bajo la más estricta confidencialidad.;;Con y sin derivación;Ser familiar/allegado de personas con enfermedad mental;Ambulatoria;Gratuito;
110;Protocolos y programas;Otras prestaciones y programas;Estructural;Servicio de Asesoría Jurídica de Federación de Euskadi de Asociaciones de Familiares de Enfermos Mentales (FEDEAFES);Amadís 2;;01010;Vitoria-Gasteiz;Araba;Municipios de ARABA;42.8624099;-2.6872249;Personas con enfermedad mental y familiares.;Adultos;;;;Asesoramiento jurídico a las personas socias en temas relacionados con la enfermedad mental;;Con y sin derivación;Ser socio/a de asociación;Ambulatoria;Gratuito;
111;Protocolos y programas;Otras prestaciones y programas;Estructural;Grupos de Autoayuda para Personas con Enfermedad Mental;Amadís 2;;01010;Vitoria-Gasteiz;Araba;Municipios de ARABA;42.8624099;-2.6872249;Personas con enfermedad mental;Adultos;;;;Espacio de apoyo emocional entre personas que viven las mismas circunstancias, bajo la más estricta confidencialidad, así como también charlas  y orientación sobre la enfermedad y su mejor manejo. ;;Con y sin derivación;Personas con diagnóstico de enfermedad mental;Ambulatoria;Gratuito;
112;Ambulatorio;Inserción laboral sociosanitaria;Estructural;Programa de incorporación laboral apoyada, PILA;Amadís 2;;01010;Vitoria-Gasteiz;Araba;;42.8624099;-2.6872249;Personas con enfermedad mental y reconocimiento de discapacidad igual o superior al 33 %;Adultos;;Discapacidad;;El modelo de intervención es el trabajo apoyado, se trata de apoyar a personas con enfermedad mental en la búsqueda de empleo en empresas ordinarias,  así como en el acceso, mantenimiento y estabilidad de esos puestos de trabajo.;;Con derivación;Certificado de discapacidad igual o superior al 33% y atención en un centro de salud mental.;Ambulatoria;Gratuito;
113;Ambulatorio;Inserción laboral sociosanitaria;Estructural;Centro especial de empleo RAEP  (Rehabilitación Alavesa de Enfermos Psíquicos, Sociedad Limitada);Portal de Gamarra 36;;01013;Vitoria-Gasteiz;Araba;;42.8626669;-2.6603473;Personas con enfermedad mental y reconocimiento de discapacidad igual o superior al 33 %;Adultos;;Discapacidad;;RAEP S.L. (Rehabilitación Alavesa de Enfermos Psíquicos, Sociedad Limitada) es un centro especial de empleo que tiene como objetivo ser una alternativa de empleo productivo y remunerado para personas con enfermedad mental;;Con derivación;Certificado de discapacidad igual o superior al 33% y atención en un centro de salud mental.;Ambulatoria;Gratuito;
114;Protocolos y programas;Protocolo de atención sociosanitaria;Estructural;Protocolo de coordinación y colaboración entre centros de Atención Primaria de zona urbana de Vitoria y oficina de información del Instituto Foral de Bienestar Social (IFBS);No se geolocaliza;;;Vitoria-Gasteiz;Araba;;;;Personas y familias atendidas con necesidades sociosanitarias;Adultos y menores;Población general;;;Coordinación y tratamiento de casos que precisan recursos de ambas redes;;Con derivación;Personas y familias con necesidades sociosanitarias;Ambulatoria;Gratuito;
115;Protocolos y programas;Otras prestaciones y programas;Estructural;Programa para la mejora del uso de medicación de peronas atendidas por Servicio de Atención Domiciliaria (SAD);No se geolocaliza;;;Vitoria -Gasteiz;Araba;Municipios de Araba;;;Personas dependientes atendidas en su domicilo por SAD;Adultos;Dependencia;;;Acuerdo por el que se suministra la medicación prescrita desde Osakidetza, ya emblistada a las personas atendidas por los SAD (servicio de Atención Domiciliaria).;;Con derivación;Ser dependiente y residir en el Territorio Histórico de Álava. Tener concedido el Servicio de Atención Domiciliaria (SAD). Que no exista contraindicación médica. ;Temporal;Gratuito;
116;Ambulatorio;Inserción laboral sociosanitaria;Auxiliar;Centro Ocupacional Gasteiz;Portal de Gamarra 36;;01013;Vitoria -Gasteiz;Araba;;42.8626669;-2.6603473;Personas con enfermedad mental;Adultos;;;;Centro Ocupacional. Huerta. Informática;10;Con derivación;Diagnóstico de enfermedad mental (reconocido por Osakidetza), tener una discapacidad del 33%, con edad comprendida  entre 18 y 64 años y sin acceso a mercado laboral. ;Temporal;Gratuito;
117;Residencial;Viviendas con apoyos;Funcional;Hogar Begira;Diputación 13;;01001;Vitoria -Gasteiz;Araba;;42.8468201;-2.6744768;Personas con enfermedad mental;Adultos;;Discapacidad;;Vivienda supervisada 24 h.;3;Con derivación;Diagnóstico de enfermedad mental (reconocido por Osakidetza), tener una discapacidad del 33%, con edad comprendida  entre 18 y 64 años y sin acceso a mercado laboral. ;;Copago;
118;Protocolos y programas;Teleasistencia Sociosanitaria;Funcional;Teleasistencia BETI ON ;No se geolocaliza;;;;Araba;;;;Personas mayores de 75 años o en situación de dependencia, discapacidad o trastorno mental grave;Adultos;Dependencia;Discapacidad;Salud mental;Plataforma telemática que da cobertura sociosanitaria en domicilio;;Con y sin derivación;Informe del departamento de políticas sociales;Permanente;Copago;
119;Protocolos y programas;Concertación en residencias;Funcional;Programa de atención social en residencias de Araba;No se geolocaliza;;;;Araba;;;;Ancianos residentes en residencias del Instituto Foral de Bienestar Social y municipales.;Adultos;Dependencia;;;Atención prestada en  centros residenciales de personas Mayores.;;Con derivación;Los propios de las Residencias para Mayores del Instituto Foral de Bienestar Social (IFBS) y del Ayuntamieto de Vitoria-Gasteiz.;Permanente;Copago;
